{
  "name": "Gloopy UI",
  "description": "Subtle & Gloopy synth UI sounds",
  "author": "GitHubUsername",
  "version": "v1.0",
  "manifest_version": 2,
  "music": false,
  "ignore": [
    "bumper_end.wav",
    "confirmation_negative.wav",
    "confirmation_positive.wav",
    "deck_ui_misc_01.wav",
    "deck_ui_misc_08.wav",
    "deck_ui_tile_scroll.wav",
    "pop_sound.wav",
    "steam_at_mention.m4a",
    "steam_chatroom_notification.m4a",
    "ui_steam_message_old_smooth.m4a",
    "ui_steam_smoother_friend_online.m4a"
  ],
  "mappings": {}
}
